Abréviation,Raison sociale,Nom,Spécialité,Catégorie pour la cartographie,Domaine d’études,Localité,Département,Région,Rattachement,Commentaires,Exclusif aux doctorant.e.s/docteur.e.s,Site internet,"Pages
réseaux",Contact,"Toujours en
activité ?",Commentaires prise de contact,"Représentation
sur la carte",,,,,,,,,
2AD ADEME,Association,Association des Doctorants et Anciens Doctorants de l’ ADEME,Aide générale pendant et après la thèse,Générale,ADEME (transition écologique),National,National,National,ADEME,"Objectif principal : le soutien de la communauté des doctorants et docteurs ADEME
pendant et après leur thèse. Permet notamment aux doctorants de renforcer le lien avec
l’ADEME et avec les autres doctorants.",Oui,"https://s ites.google.com/site/2adademe/?pli=1
https://theses.ademe.fr/2ad",Twitter,2ad.ademe@gmail.com,Oui,Répondu le 23/01/23,Oui,,,,,,,,,
ABG,Association,Association Bernard Grégory,"Emploi, formation, mobilité, valorisation","Carrière, Formation",Formation des titulaires et des doctorants,National,National,National,- - -,"Fondée en 1980, l'Association Bernard Gregory (ABG) œuvre pour l'évolution
professionnelle des docteurs (PhD), la capacité d'innovation des entreprises et la
valorisation des compétences issues de la formation par la recherche.",Oui,https://www.abg.asso.fr/fr/,"Twitter
Facebook
LinkedIn",01.42.74.27.40 abg@abg.asso.fr,Oui,,Oui,,,,,,,,,
ACÉDoCPsy,Association,"Association calédonienne des étudiants, doctorants et chercheurs en psychologie","Réseau, soutien, promotion, valorisation",Générale,Psychologie,Nouméa,(988) Nouvelle-Calédonie,Nouvelle-Calédonie,"Université de la Nouvelle-
Calédonie","Rassembler les étudiants, les doctorants et les chercheurs en psychologie de Nouvelle
Calédonie, organiser les échanges d'informations, de réflexions et de promouvoir la
recherche dans les divers domaines pratiques et théoriques liés à la psychologie et
aux Sciences Humaines et Sociales, de mener des travaux de recherche, soit à la
propre initiative de l'association, soit à la demande d'autres institutions, de diffuser les
travaux et les recherches en psychologie susceptibles de contribuer à la réflexion et à
la formation, de développer des contacts universitaires et de favoriser le lien avec des
laboratoires de recherche sur les plans territorial, océanien et international, d'aider les
étudiants, les doctorants et les chercheurs à mener à bien leurs actions. de veiller à
garantir les conditions de l'exercice de la recherche, dans le respect de la personne
humain.",Non,https://assoce.fr/waldec/W9N1005575/AC-DOCPSY-,Facebook,Via la page Facebook,Oui,,Oui,,,,,,,,,
ADAMS,Association,Association of Doctoral and Master Students,"Réseau, solidarité, soutien, événements",Générale,Digital world and the digital society,Nice,(06) Alpes-Maritimes,PACA,"Digital Systems for Humans
(DS4H),
Université de Côte d'Azur","Organisation d'événements à la fois académiques et de cohésion, soutien, échanges
scientifiques.",Non,- - -,Facebook,ds4h.adams@gmail.com,Oui,,Oui,,,,,,,,,
Addal,Association,Association des doctorants et docteurs d’Alsace,"Représentation, Promotion, réseau, défense des droits",Générale,Tous,Strasbourg,(67) Bas-Rhin,Grand-Est,- - -,"Réseau, Réussite professionnelle, Valoriser le travail, promouvoir l’échange, défense
des droits matériels et moraux, accompagnement, événements, représentation, soutien",Oui,http://www.beta.addal-asso.fr/language/fr/,"Twitter
Facebook
LinkedIn",addal@unistra.fr,Oui,,Oui,,,,,,,,,
ADDE,Association,Association des Doctorants Etrangers,"Réseau, informations, aide aux doctorants étrangers",Générale,- - -,Angers,(49) Maine-et-Loire,Pays-de-la-Loire,Université d'Angers,"Association d'accompagnement, d'orientation, d'accueil et d'aide à l'intégration des
doctorant.e.s étranger.e.s.",Oui,- - -,"Facebook
LinkedIn",adde.angers@gmail.com,Oui,,Oui,,,,,,,,,
ADDOSHS,Association,Association des Doctorants et Docteurs orléanais en Sciences Humaines et Sociales,"Réseau, informations, événements",Générale,Sciences humaines et sociales,Orléans,(45) Loiret,Centre-Val-de-Loire,Université d'Orléans,"Association des doctorants et docteurs en Sciences humaines et sociales de
l'université d'Orléans.",Oui,https://addoshs.wordpress.com/2021/10/02/planning-,Facebook,addoshs@gmail.com,Oui,Contacté par Fb le 26/03/23,Oui,,,,,,,,,
ADIC,Association,Association des doctorants et jeunes docteurs de l'Institut Curie,"Réseau, promotion, solidarité",Générale,Biomédical,Paris,(75) Paris,Île-de-France,Institut Curie,"Representing PhDs, PostDocs and every other young researcher of Institut Curie. Our
mission is to help young researchers from the institute to integrate into our scientific
community, to promote networking possibilities, to help their transition towards the next
career step and to provide vis ibility for our Institute.",Oui,adic.curie.fr,"Twitter
Facebook
LinkedIn
Instagram",u-adic@curie.fr,Oui,,Oui,,,,,,,,,
ADJC,Association,ANSANM Doctorants Jeunes Chercheurs Martinique,"Réseau, soutien, promotion, valorisation",Générale,Tous,"Campus Schoelcher,
Fort-de-France",(972) Martinique,Martinique,Université des Antilles,"L'association est née en 2014 de la volonté de favoriser les échanges entre
doctorants.e.s, jeunes chercheur.e.s et autres membres de la communauté universitaire
du pôle Martinique de l'Université des Antilles. Elle a pour vocation de : fédérer pour
créer des liens et rompre l’isolement, accompagner à travers le parcours de la thèse
et/ou dans le jeune projet professionnel, valoriser les travaux de Recherche, et
promouvoir les études doctorales.",Oui,"https://www.helloasso.com/associations/ansanm-
doctorant-e-s-et-jeunes-chercheur-e-s","Twitter
Facebook","06.96.93.13.39
ansanmdjc@gmail.com",Oui,,Oui,,,,,,,,,
ADN,Association,Association des doctorants néo-calédoniens,"Réseau, information",Générale,Tous,Nouméa,(988) Nouvelle-Calédonie,Nouvelle-Calédonie,"Université de la Nouvelle-
Calédonie","Regroupe les doctorantes et les doctorants et docteures et docteurs effectuant leur
thèse en Nouvelle-Calédonie, et permet l’échange d’informations et de bonnes pratiques .
(Anciennement CaleDoc)",Oui,- - -,"Facebook
""Facebook
(Groupe privé)""",assodoc.nc@gmail.com,Oui,Réponsdu le 01/02/2023,Oui,,,,,,,,,
ADocs,Association,Association des Doctorants et jeunes chercheurs de l’université de La Rochelle,"Représentation, Réseau, événements",Générale,Tous,La Rochelle,(17) Charente-Maritime,Nouvelle-Aquitaine,Université de La Rochelle,"Représentation des doctorants au sein de l’université de La Rochelle, au niveau
national, et auprès du grand public.
L’association favorise aussi et surtout les rencontres et les échanges entre les
doctorants de différentes disciplines autour de projets culturels et d’animations. De
nombreuses soirées et sorties culturelles ou sportives sont organisées tout au long de
l’année.",Oui,https://adocs.univ-lr.fr/presentation/,"Twitter
Facebook",adocs@univ-lr.fr,Oui,Répondu le 19/01/23,Oui,,,,,,,,,
ADOCT,Association,Association des Doctorants de Tours,"Réseau, information, événements",Générale,Tous,Tours,(37) Indre-et-Loire,Centre-Val-de-Loire,Université de Tours,"Aide à l’insertion professionnelle des troisièmes cycles de l’université de Tours, accueil
et information des nouveaux étudiants chercheurs.
Afterwork / Conférence / Sortie culturelle",Oui,- - -,"Facebook
Instagram",adoct.asso@gmail.com,Oui,Répondu le 29/03/23,Oui,,,,,,,,,
ADOUM,Association,Association des Doctorants de l'Université du Mans,"Réseau, informations, événements",Générale,- - -,Le Mans,(72) Sarthe,Pays-de-la-Loire,Le Mans Université,"L'ADoUM a pour but de réunir les doctorants présents sur le campus du Mans, de
s’ouvrir à d’autres thèmes de recherche, d'échanger nos expériences de jeunes
chercheurs et de partager des moments conviv iaux entre doctorants.",Oui,"https://adoum.univ-
lemans.fr/fr/index.html?fbclid=IwAR0rT-oZXLAbnfhU-",Facebook,adoum@univ-lemans.fr,Oui,,Oui,,,,,,,,,
ADSFA,Association,Association des Doctorants en Sciences Fondamentales et Appliquées,"Représentation, Promotion, réseau",Générale,Sciences Fondamentales et Appliquées,Nice,(06) Alpes-Maritimes,PACA,"Ecole Doctorale en Sciences
Fondamentales et Appliquées,
UNS
(ED SFA UNS)","· Représenter les doctorants de l’ED SFA de l’UNS ;
· Promouvoir et valoriser leur formation doctorale ;
· Faciliter les liens entre doctorants, anciens, actuels et futurs, des différentes disciplines
SFA
Transfert de l’école doctorale de l’UNS (Nice-Sophia-Antipolis) vers l’UCA en 2016",Oui,https://adsfa.wordpress.com/,- - -,doc.edsfa@gmail.com,Oui,,Oui,,,,,,,,,
ADSL,Association,Association des doctorants en Sciences de Lille,"Réseau, échanges, promotion",Générale,Sciences,Lille,(59) Nord,Hauts-de-France,Université de Lille,"L’ADSL  a été créée par des doctorants en sciences. Elle œuvre pour les doctorants de
plusieurs écoles doctorales du collège doctoral de Lille notamment dans :
- L’animation de la v ie de l’école doctorale en favorisant les rencontres et la
communication entre doctorants ;
- La promotion du titre de docteur auprès du monde de l’entreprise.",Oui,- - -,Facebook,,Oui,,Oui,,,,,,,,,
ADSO,Association,Association des Doctorants Scientifiques Orléanais,"Réseau, informations, événements",Générale,Sciences et Techniques,Orléans,(45) Loiret,Centre-Val-de-Loire,"Ecole Doctorale Sciences et
technologies d'Orléans","L'objectifs de l'ADSO sont de proposer des activ ités originales et conviv iales pour
permettre aux doctorants, jeunes doctorants et toute autre personne intéressée par le
monde de la recherche et de l'enseignement supérieur, de se rencontrer dans la
meilleure ambiance possible.",Non,https://adso-orleans.blogspot.com,Facebook,Via le groupe Facebook (privé),Oui,,Oui,,,,,,,,,
ADSTIC,Association,Association des doctorants du Campus Sciences et Technologies de l’Information et de la Communication de Sophia-Antipolis,Aide générale,Générale,"STIC
Science et technologie de l'information et de la communication",Sophia-Antipolis,(06) Alpes maritimes,"Provence-Alpes-Côte
d’Azur",Ecole doctorale,"The association aims to help PhD students and postdoctoral fellows from the SophiaTech
campus. This includes all the PhD students from the STIC doctoral school (EDSTIC) as
well as students and postdocs working in the different labs of the campus.
Axes : Social, scientifique, administratif",Oui,https://adstic.i3s.univ-cotedazur.fr/en/index.php,"Twitter
Facebook",- - -adstic@i3s.unice.fr,Oui,,Oui,,,,,,,,,
Aquidoc,Association,Aquidoc,Carrière secteur privé ou semi-privé,"Carrière, Formation",Tous,Bordeaux,(33) Gironde,Nouvelle-Aquitaine,Université de Bordeaux,"Association pluridisciplinaire qui a pour but de favoriser la poursuite de carrière des
jeunes chercheurs, des doctorants et docteurs, hors secteur académique, autrement dit
dans les secteurs privé et semi-public.",Oui,https://aquidoc.fr/contact/,"Twitter
Facebook
LinkedIn
Instagram",contact@aquidoc.fr,Oui,,Oui,,,,,,,,,
AIDOC,Association,Association Interdisciplinaire des Doctorant.e.s de l’Ouest en Confluences,"Promotion, réseau, informations",Générale,Sciences humaines et sociales,Angers,(49) Maine-et-Loire,Pays-de-la-Loire,Université d'Angers,"Association qui valorise les initiatives et les projets interdisciplinaires des doctorant.e.s
en Sciences Humaines et Sociales à l'Université d'Angers",Oui,https://associationaidoc.wordpress.com,"Twitter
Facebook
LinkedIn
Instagram",asso.aidoc@gmail.com,Oui,,Oui,,,,,,,,,
AJC06,Association,Association des Jeunes chercheurs du 06,Aide générale,Générale,Tous,Nice,(06) Alpes-maritimes,"Provence-Alpes-Côte
d’Azur",Université Côte d’Azur (UCA),"Dynamisation scientifique et culturelle de la vie doctorale de l’Université Côte d’Azur,
Information et communication entre doctorants de l'Université Côte d’Azur, Valorisation
de la formation par la recherche et aide à l’insertion professionnelle des jeunes
chercheurs, Représentation et défense des jeunes chercheurs des Alpes-Maritimes.",Oui,https://www.ajc06.com/,"Instagram
Facebook",contact@ajc06.com,Oui,,Oui,,,,,,,,,
"AJCO
(49)",Association,Association des Jeunes Chercheurs de l’Ouest,"Promotion, valorisation",Générale,Histoire,Angers,(49) Maine-et-Loire,Pays-de-la-Loire,Université d'Angers,"L’association a pour but de valoriser les travaux des apprentis chercheurs
(principalement des masterants et des doctorants) dont les thématiques traitent d’histoire
par le biais de publications sous un format numérique.",Non,https://ajco49.fr,"Twitter
Facebook
LinkedIn
Instagram",contact@ajco49.fr,Oui,,Oui,,,,,,,,,
ALPHA,Association,Angers biology Labs PhD students Association,"Réseau, information, événements",Générale,Biosanté,Angers,(49) Maine-et-Loire,Pays-de-la-Loire,Université d'Angers,Association des chercheurs en biologie et santé de l'université d'Angers.,Oui,- - -,Facebook,alpha.these@gmail.com,Oui,,Oui,,,,,,,,,
Alt516,Association,Alt516,"Réseau, information, recherche",Générale,Tous,Saint-Etienne,(42) Loire,Auvergne-Rhône-Alpes,"Université Jean Monnet (Saint-
Etienne)","alt 516 est une association qui rassemble les jeunes doctorant(e)s stéphanois(e)s
d'arts, lettres et langues et d'autres disciplines pour créer des lieux d'échanges autour
des pratiques de recherche en cycle doctoral.",Oui,https://alt516.fr/,"Twitter
Facebook
Instagram",alt516@protonmail.com,Oui,,Oui,,,,,,,,,
ANCMSP,Association,Association nationale des candidat·es aux métiers de la science politique,Défense des droits des jeunes chercheurs,Défense des droits,Sciences politiques,National,National,National,- - -,"Association de défense des droits des chercheur·es précaires dans le domaine de la
science politique et dans les disciplines proches. Elle a vocation à lutter contre la casse
du service public et pour l’amélioration des conditions de travail des non-titulaires.",Oui,https://ancmsp.com/qui-sommes-nous/,"Twitter
Facebook",bureau@ancmsp.com,Oui,,Oui,,,,,,,,,
ANDès,Association,Association Nationale des Docteurs,Réseau,Générale,Tous,National,National,National,- - -,Promouvoir le Doctorat. Antennes locales dans toute la France.,Oui,https://andes.asso.fr/,"LinkedIn
Facebook",- - -,Oui,,Oui,,,,,,,,,
APAREA,Association,Association de Promotion et d’Aide à la Recherche en Archéologie,"Entraide, soutien, promotion",Générale,Archéologie,Toulouse,(31) Haute-Garonne,Occitanie,Toulouse 2,"Encourager la vocation archéologique des étudiants et d’attiser la passion du grand
public en proposant un soutien aux étudiants, la promotion de l’archéologie,
l’enrichissement culturel et scientifique, communication v ia site, réseaux sociaux, édition
d’un bulletin et d’une newsletter.",Non,https://blogs.univ-tlse2.fr/aparea/,"Instagram
Facebook",contact.aparea@gmail.com,Oui,,Oui,,,,,,,,,
APEC,Association,Association pour l’emploi des cadres,"Insertion professionnelle, formation","Carrière, Formation",Tous,National,National,National,- - -,"Réseau de 500 consultants (y compris à la Martinique, en Guadeloupe et à la Réunion),
accompagnement, conseils, formations.",Non,https://www.apec.fr/,"Twitter
Facebook
Instagram
LinkedIn","Formulaire de contact sur le s ite
internet
ou
0809 361 212 (appel gratuit)",Oui,,Oui,,,,,,,,,
ASA,Association,Association des Sciences Archéologiques,"Entraide, soutien, promotion",Générale,Archéologie,Bordeaux,(33) Gironde,Nouvelle-Aquitaine,Bordeaux Montaigne,"Promouvoir les sciences appliquées à l'archéologie et à la conservation du patrimoine
culturel. L'association représente le master Archéologie.
Elle favorise l'insertion des étudiant.e.s issu.e.s par le bais de rencontres (conférences,
séminaires, colloques) et de sorties culturelles.Elle permet également de s 'informer sur
l'avancement de la discipline.L'ASA cherche à développer l'échange des informations et
la c irculation des personnes entre pays.",Non,"Twitter
Facebook","Twitter
Facebook",asa.bdx@gmail.com,Oui,,Oui,,,,,,,,,
ATACS,Association,ATACS,"Réseau, promotion, événements",Générale,"Sciences, ingienierie",Gif-sur-Yvette,(78) Yvelines,Île-de-France,"Centrale Supélec, Université
Paris-Saclay","Organise des événements sociaux, culturels et professionnels (CARaDOC) pour
animer la v ie du campus et fomenter les échanges entre PhDs students.",Oui,"https://www.universite-paris-
saclay.fr/associations/atacs",Facebook,atacs.bureau@listes.centralesupe,Oui,"Ai contacté Nicolas (admin du
groupe Fb) via Messenger.
L'association est en cours de
transition vers un nouveau
président après une pause depuis
le Covid (2020). Il m'a demandé de
la faire figurer sur la carte.",Oui,,,,,,,,,
"Bien dans ma
thèse",Blog,Bien dans ma thèse,"Information, solidarité",Générale,Tous,National,National,National,- - -,"Podcasts, v logs, artic les à propos du doctorat et ce qui s 'y rattache.",Non,https://www.biendansmathese.com,"Twitter
YouTube
SoundCloud",biendansmathese@gmail.com,Oui,,Oui,,,,,,,,,
Bioaddoct,Association,Bioaddoct,Aide générale,Générale,Biologie,Lille,(59) Nord,Hauts-de-France,"Ecole doctorale de Biologie -
Santé de Lille",Association des étudiants doctorants de l’Ecole Doctorale de Biologie Santé de Lille,Oui,- - -,"Twitter
Facebook
Instagram
Discord",bioaddoct14@gmail.com,Oui,,Oui,,,,,,,,,
Biodocs,Association,Biodocs,"Insertion professionnelle, suivi de projet, réseau","Carrière, Formation",Sciences de la v ie,Lyon,(69) Rhône,Auvergne-Rhône-Alpes,Université de Lyon 1,"BioDocs Lyon est une association cherchant à accompagner les futurs et jeunes
diplômés en sciences de la v ie dans leur projet professionnel. Pour ceci nous
organisons divers évènements au cours de l’année (tables-rondes, ateliers-emplois,
apéros réseau et vis ites d’entreprise) dans le but de présenter les débouchés dans le
secteur, d’aider à préparer les outils  pour la recherche d’emploi et de permettre de
développer et entretenir un réseau dynamique.",Non,http://www.biodocslyon.com,Facebook,biodocslyon@gmail.com,Oui,,Oui,,,,,,,,,
CD LIDILEM,Communauté doctorante,Communauté Doctorante du LIDILEM,"Réseau, information",Générale,"Linguistique, Sciences du langage",Grenoble,(38) Isère,Auvergne-Rhône-Alpes,LIDILEM,"Communauté organisée des doctorants du Laboratoire de Linguistique et Didactique
des Langues Etrangères et Maternelles",Oui,https://lidilem.univ-grenoble-alpes.fr/,"Twitter
Facebook",- - -,Oui,,Oui,,,,,,,,,
CGC,Syndicat,Cunsulta di a Ghjuventu Corsa,Défense des droits,Défense des droits,Tous,Corte,(2B) Haute-Corse,Corse,"Pasquale Paoli (seule université
de Corse)","Nous nous engageons à être présents pour le bien être et le respect des droits des
étudiants, et pour la pérennisation de l'Université de Corse, en partic ipant à la mise en
place de parcours d'avenir. Nos priorités concerneront le volet social, à savoir la
rénovation et l'amélioration des services du CROUS (WIFI, bourses...), l'accès à des
logements décents.",Non,- - -,"Twitter
Instagram","cgccorte@gmail.com
06.70.66.53.83",Oui,,Oui,,,,,,,,,
CJC,Confédération d’associations,Confédération des Jeunes Chercheurs,"Défense des droits, valorisation",Générale,Tous,"National
(Locaux à Paris)","National
(Locaux à Paris)","National
(Locaux à Paris)",- - -,"Regroupe des associations de doctorant·es et de docteur·es en emploi non permanent,
bénévolement impliqué·es dans la valorisation du doctorat, sa reconnaissance en tant
qu'expérience professionnelle, mais elle défend également les droits des jeunes
chercheur·es (conditions de travail, rémunération, ...). Au niveau national, de par son
expertise sur le doctorat, elle est une interlocutrice priv ilégiée des pouvoirs publics
(Gouvernement, Parlement, Conseil National de l’Enseignement Supérieur et de la
Recherche, ...) et de toute structure souhaitant échanger sur le sujet (associations,
entreprises, syndicats, ...). Au niveau européen, elle partic ipe à la réflexion sur le
doctorat et les jeunes chercheur·es par l’intermédiaire de la fédération d'associations
EURODOC, dont elle est membre fondatrice.",Oui,https://c jc.jeunes-chercheurs.org/presentation/,"Twitter
Facebook","contact@cjc.jeunes-
chercheurs.org",Oui,,Oui,,,,,,,,,
CLASCHES,Association,Collectif de lutte anti-sexiste contre le harcèlement sexuel dans l’enseignement supérieur,Lutte contre le harcèlement,Luttes contre le harcèlement et les v iolences morales et sexuelles,Tous,National,National,National,- - -,"Collectif de lutte contre le harcèlement sexuel dans l’enseignement supérieur.
Association féministe ouverte à l’ensemble des étudiant·e·s, doctorant·e·s,
enseignant·e·s et/ou chercheur·e·s et personnels BIATSS.",Non,https://c lasches.fr/le-c lasches/,Facebook,clasches@gmail.com,Oui,,Oui,,,,,,,,,
Coll.Doc,Syndicat,Syndicat des travailleurs et travailleuses précaires de l'Université Paris-Saclay,Défense des droits,Défense des droits,Tous,Paris-Saclay,"(75) Paris, (91) Essonne",Île-de-France,- - -,"Fondé le 9 mars 2023, Coll·Doc est le Syndicat des travailleurs et travailleuses
précaires de l’Université Paris-Saclay.",Non,https://colldoc.fr,Twitter,contact@colldoc.fr,Oui,,"Non (car
Syndicat)",,,,,,,,,
Confluences,Collectif,Confluences,"Promotion, valorisation de la recherche",Générale,"Sciences humaines et sociales, Lettres, Arts",Lyon,(69) Rhône,Auvergne-Rhône-Alpes,- - -,"Association de promotion des sciences humaines et sociales, lettres et arts depuis 2012.",Non,https://confluence.hypotheses.org/,Twitter,"benoit.vaillot@eui.eu
ou 06.32.16.47.57",Oui,,Oui,,,,,,,,,
Consulid,Association,Consulid,Complémentarité doctorants/acteurs économiques privés,"Carrière, Formation",Tous,Lille,(59) Nord,Hauts-de-France,Université de Lille,"Consulid est animée par des doctorants de toutes disciplines qui apportent des
solutions adaptées aux multiples défis des acteurs économiques des Hauts-de-France,
à travers des études et expertises réalisées par des spécialistes dans les nombreux
domaines de compétences de l’Université de Lille. Il a pour but de rapprocher les
doctorants et les entreprises v ia des missions de Conseil. En effet, les compétences
développées par les doctorants sont en parfaite adéquation avec l’expertise demandée
par des entreprises en quête d’innovation.",Oui,https://consulid.univ-lille.fr,"Twitter
LinkedIn",consulid@univ-lille.fr,Oui,,Oui,,,,,,,,,
D2i2,Association,Doctorants et Docteurs des deux Infinis,"Réseau, solidarité, soutien",Générale,"Physique et chimie nucléaire, physique des particules, astrophysique, cosmologie... (toutes les
thématiques de l’in2p3)",Paris et banlieue,"(75), (78), (91), (92), (93),
(94), (95)",Île-de-France,- - -,"Doctorants et Docteurs des deux Infinis (D2I2) est un réseau social et professionnel qui,
comme son nom l’indique, est destiné aux doctorants et docteurs des deux infinis.
D2I2 vous accompagne tout au long de votre parcours, depuis votre entrée en M2,
pendant votre doctorat et même après votre thèse. Chaque mois, un Afterwork est
organisé.",Oui,http://d2i2.in2p3.fr/,Facebook,d2i2@in2p3.fr,Oui,"Réponse le :
15/02/2023",Oui,,,,,,,,,
Dakodoc,Association,Dakodoc,"Réseau, information, événements, promotion",Générale,- - -,Brest,(29) Finistère,Bretagne,Université de Brest,"L'association Dakodoc regroupe les doctorants des 11 écoles doctorales de Brest. Elle
contribue à rassembler les doctorants de diverses disciplines autour d'événements
conviv iaux et scientifiques s 'adressant à tout public.
Cette association est à l'origine de l'événement Science en Theizh, un événement de
vulgarisation scientifique destiné au grand public durant lequel les doctorants sont
amenés à présenter leur sujet de thèse sous différents formats.",Oui,- - -,"Facebook
YouTube",asso.dakodoc@gmail.com,Oui,,Oui,,,,,,,,,
Dicensus,Collectif,Défense et Information des Chercheurs et Enseignants Non-Statutaires de l’Université de Strasbourg,Défense du service public de l’ESR,Défense des droits,- - -,Strasbourg,(67) Bas-Rhin,Grand-Est,Université de Strasbourg,"Collectif créé en 2014 à Strasbourg par des doctorant.es et docteur.es militant pour la
défense du service public de l’Enseignement supérieur et de la Recherche. Il assume
une fonction explic itement politique d’information, de représentation et de défense des
non-statutaires et prend position sur les politiques et les pratiques de l’Université de
Strasbourg en la matière.",Oui,- - -,"Twitter
Facebook",dicensus.info@gmail.com,Oui,,Oui,,,,,,,,,
Doc SP,Association,"Association des doctorants, anciens doctorants et jeunes chercheurs de l’Ecole Doctorale de Santé Publique","Réseau, événements",Générale,Santé publique,Le Kremlin-Bicêtre,(94) Val-de-Marne,Île-de-France,"École doctorale de santé
publique (EDSP)","Animer la v ie sociale de l'ED et favoriser les échanges entres doctorants des différentes
disciplines que concerne la santé publique, v ia l'organisation d'activ ités, de soirées, de
week-ends, de sorties.",Oui,"https://www.universite-paris-
saclay.fr/associations/doc-sp","Twitter
Instagram",asso.doc420@gmail.com,Oui,Réponse le 23/01/23,Oui,,,,,,,,,
Doc’Up,Association,Doc’Up,"Représentation, Promotion, réseau",Générale,Tous,Paris,(75) Paris,Île-de-France,Paris Sorbonne Universités,"S’engage à représenter les doctorants, valoriser le doctorat et l’université, animer le
réseau de doctorants, réunir doctorants, organismes publics et privés et le grand public
ainsi qu’à accompagner les doctorants dans leur projet professionnel.",Oui,http://www.doc-up.info/,"Twitter
Facebook
LinkedIn",contact@doc-up.info,Oui,,Oui,,,,,,,,,
"Doct’Auvergn
e",Association,Doct’Auvergne,"Réseau, événements",Générale,Tous,Clermont-Ferrand,"(63) Puy-de-Dôme
(Allier, Cantal, Haute-Loire)",Auvergne-Rhône-Alpes,- - -,"Objectif d’améliorer la communication au sein de la communauté des doctorants et
jeunes docteurs et de proposer des événements variés.",Oui,https://doctauvergne.fr/lassociation/,"Twitter
Facebook",doctauvergne@gmail.com,Oui,,Oui,,,,,,,,,
Doctopus,Observatoire,Doctopus,Généraliste,Générale,Tous,National,National,National,- - -,"Observatoire indépendant de la v ie doctorale. Doctopus vise à développer et maintenir
une base de connaissances autour des questions relatives à la v ie doctorale.",Oui,https://doctopus.hypotheses.org/,"Twitter
Facebook
LinkedIn",observatoire.doctopus@gmail.co,Oui,,Oui,,,,,,,,,
,,,,,,,,,,,,,m,,,,,,,,,,,,,
"Doctorant.e.s
INRAE",Collectif,Doctorant.e.s INRAE,Défense des droits (égalité salariale),Défense des droits,Tous,National,National,National,INRAE,"Mobilisation des doctorant-e-s de l'INRAE contre les inégalités de salaire entre
doctorant-e-s de l'institut.",Oui,- - -,Twitter,collectif.doctorantes.inrae@gmail.c,Oui,,Oui,,,,,,,,,
"Doctorant.e.s
solidaires",Cause (?),Doctorant.e.s solidaires,Défense des droits,Défense des droits,Tous,Montpellier,(34) Hérault,Occitanie,Université Paul Valéry,- - -,Oui,- - -,Facebook,- - -,Oui,,Oui,,,,,,,,,
DynAMU,Association,Le réseau (dynamique) des doctorants d’Aix-Marseille université,"Solidarité, entraide",Générale,Tous,"Aix-en-Provence,
Marseille",,(13) Bouches-du-Rhônes,,"Provence-Alpes-Côte
d’Azur",,Université d’Aix-Marseille,,"Soutenir les projets, créer du lien, valoriser le doctorat",Oui,http://dynamu.fr/lassociation,,Facebook,,contact@dynamu.fr,,Oui,,Réponse le 24/01/23,,Oui
EFiGiES,Association,EFiGiES,"Solidarité, développement et reconnaissance de la filière",Générale,"Études sur le féminisme, le genre, les sexualités",National,,National,,National,,- - -,,"Association qui v ise à créer de la solidarité entre étudiant·e·s, doctorant·e·s et jeunes
chercheur·e·s en Études Féministes, Genre et Sexualités à travers une mise en
commun de savoirs et d’informations. S’engage pour la reconnaissance et le
développement des recherches et des enseignements issus du féminisme à l’université.",Non,https://efigies-ateliers.hypotheses.org/,,- - -,,contact.efigies@gmail.com,,Oui,,Réponse le 19/01/23,,Oui
"Espace
Doctorants",Association,Espace Doctorants,"Réseau, accompagnement, promotion, événements",Générale,Sciences humaines et sociales,Lille,,(59) Nord,,Hauts-de-France,,"École doctorale Sciences de
l’Homme et de la Société",,"Accompagner : Fédérer les doctorants et docteurs en SHS, informer les doctorants sur
les études doctorales.
Échanger : Favoriser les échanges transdisciplinaires et la diffusion de la recherche,
développer des échanges avec d’autres associations ayant des buts s imilaires.
Valoriser : Les compétences du docteur et du doctorant vers l’extérieur, favoriser
l’insertion professionnelle des doctorants et jeunes docteurs en SHS.
Pour atteindre les objectifs fixés, Espace Doctorants organise des évènements tout au
long de l’année, les « CaféDoc », évènement mensuel tourné vers le milieu académique
et les « AfterDoc », évènement mensuel autour de l’insertion professionnelle.
Mais Espace Doctorants réalise et soutient également différentes manifestations et
actions ponctuelles qui répondent à ses objectifs (Colloques, Revue Mosaïque,
Formations de l’Ecole Doctorale et du PRES, Evènements de la Chambre des
Commerces et de l’Industrie...).",Oui,- - -,,Facebook,,espace.doctorants@gmail.com,,Oui,,,,Oui
"Étudiant des
VSS dans
l’ESR",Observatoire,Observatoire Étudiant des violences sexistes et sexuelles dans l’ESR,Défense des droits (v iolences sexistes et sexuelles),Luttes contre le harcèlement et les v iolences morales et sexuelles,Tous,National,,National,,National,,- - -,,"L’observatoire propose d’établir un état des lieux des violences sexuelles et sexistes
dans l’enseignement supérieur.",Non,https://observatoire-vss.com/lassociation,,"Twitter
Facebook
Instagram",,observatoire.vss@gmail.com,,Oui,,,,Oui
"Collectif des
travailleur·e·s
précaires de
l’ESR -
Marseille",Collectif,Collectif des travailleur·e·s précaires de l’ESR - Marseille,Défense des droits,Défense des droits,Tous,Marseille,,(13) Bouches-du-Rhône,,PACA,,Université d'Aix-Marseille,,"Collectif des travailleur.se.s précaires de l'Enseignement Supérieur et de la Recherche
d'Aix-Marseille.",Non,- - -,,"Twitter
Facebook",,aixmarseilleprecairesESR@proto,,Oui,,,,Oui
Eurodoc,Fédération européenne,European council of doctoral candidates and young researchers,"Droits, promotion, valorisation des programmes...",Générale,Tous,"Bruxelles, Belgique",,"Bruxelles, Belgique",,"Bruxelles, Belgique",,- - -,,"Eurodoc is the European Council of Doctoral Candidates and Junior Researchers. It is
an international federation of 26 national organisations of PhD candidates, and more
generally of junior researchers from 24 countries of the European Union and the Council
of Europe.",Oui,http://eurodoc.net,,"Twitter
Facebook
Instagram
Linked In
YouTube",,board@eurodoc.net,,Oui,,,,Oui
"Ghjuventù
Paolina",Syndicat,Ghjuventù Paolina,"Défense des droits, revendication politique nationaliste corse",Défense des droits,Tous,Corte,,(2B) Haute-Corse,,Corse,,"Pasquale Paoli (seule université
de Corse)",,"Notre engagement sur les campus cortenais a pour but de développer l'Université de
Corse. Par ailleurs, nous réaffirmons notre appartenance à la mouvance nationaliste, et
plus particulièrement à la Lutte de Libération Nationale, seule à même de garantir la
préservation de notre identité, de notre patrimoine et de notre avenir. Cependant, nous
estimons que l'Université de Corse se doit d'être un lieu d'égalité, de réflexion, et de
réponse aux enjeux que rencontrera la société corse de demain, mais aussi un lieu de
diversité culturelle, accessible à tous et ouvert sur le monde. Ainsi, nous n'aurons de
cesse de veiller au bien-être de tous les étudiants, sans distinction d'origine ou idéal
politique. Nous n'aurons de cesse de lutter en faveur du rayonnement et de l'attractiv ité
de l'Université, en tentant d'attirer chercheurs et professeurs de renom.",Non,- - -,,"Twitter
Facebook
Instagram",,"paolina.ghjuventu@gmail.com
06.70.50.13.77",,Oui,,,,Oui
Hippo’thèse,Association,Hippo’thèse,"Solidarité, entraide, réseau, événements",Générale,Sciences médicales et de la v ie,Marseille,,(13) Bouches-du-Rhône,,"Provence-Alpes-Côte
d’Azur",,"Basé à l'Université d'Aix-
Marseille",,"1) Federate the local community of junior researchers.
2) Support the junior researchers asking for our help.
3) Improve the status of the PhD within the academic and private sectors.
4) Facilitate the professional continuity of junior PhDs.",Oui,https://hippothese.asso.fr/association/about/,,"Twitter
Facebook",,contact@hippothese.asso.fr,,Oui,,Réponse le 20/01/23,,Oui
JECCO,Association,Jeunes chercheurs de l’institut Cochin,"Réseau, événements",Générale,Biomédical,Paris,,(75) Paris,,Île-de-France,,Institut Cochin,,"Favoriser l’intégration des jeunes de l’Institut dans la communauté scientifique et de
constituer un réseau. Elle permet également à tous les personnels de l'Institut qu’ils
soient chercheur‧e‧s ou non d’avoir une part active dans la v ie de l’institut au travers
d’animations et d’événements scientifiques.",Oui,https://jeccoteam.wixsite.com/jecco,,"Twitter
Facebook
LinkedIn
Instagram",,bureau-jecco.u1016@inserm.fr,,Oui,,,,Oui
JEDNs,Conférence,Journées de l’Ecole Doctorale de Nice,Conférence pour présenter ses travaux,Générale,Sciences de la v ie et de la santé,Nice,,(06) Alpes-maritimes,,"Provence-Alpes-Côte
d’Azur",,"Ecole doctorale Sciences de la
v ie et de la santé (ED SVS),
Université Côte d’Azur",,"Association des Doctorants de l’Ecole doctorale Sciences de la v ie et de la santé (ED
SVS). The purpose of the JEDNs is to provide PhD students with an opportunity to
present their work, develop scientific  interactions, open up their research and discover
new topics addressed in the different laboratories of the Nice area.",Oui,https://jedns-bio.fr/,,"Twitter
Facebook",,adbio.nice@jedns-bio.fr,,Oui,,,,Oui
JRA,Association,Jeune Recherche en Artois,Aide générale,Générale,Tous,"Arras
(Douai, Béthune, Lens,
Levain)",,(62) Pas-de-Calais,,Hauts-de-France,,Université d’Artois (Arras),,"Objectif de rassembler les doctorant·e·s de l'Université d'Artois et les représenter. 3
axes de travail :
- information et représentation des jeunes chercheur.e.s au sein de différentes
institutions
- rencontre et socialisation des jeunes chercheur.e.s
- échange scientifique et valorisation de la recherche",Oui,- - -,,Facebook,,jeunerechercheartois@gmail.com,,Oui,,"Répondu le 19/01/23 : toujours
actifs mais pour 1 ou 2 ans, faute de
chercheurs prêts à reprendre le
flambeau.",,Oui
"Layons de la
Recherche",Association,Layons de la Recherche,"Réseau, soutien, promotion, valorisation",Générale,Tous,"Campus Troubiran,
Cayenne",,(973) Guyane,,Guyane,,Université de Guyane,,"Promouvoir la recherche universitaire, organiser, développer et diffuser des projets
scientifiques (organisations de manifestations, animations socio-culturelles, ateliers,
conférences, colloques, séminaires, publications, etc ;) être un espace de recherche,
de concertation et de cohésion sociale.",Non,https://www.helloasso.com/associations/layons-de-,,- - -,,layonsdelarecherche@gmail.com,,Oui,,,,Oui
"Les Têtes
Chercheuses",Association,Les Têtes Chercheuses,"Réseau, information",Générale,"Lettres, langues, linguistique, Arts",Lyon,,(69) Rhône,,Auvergne-Rhône-Alpes,,Lyon 2 - Ecole doctorale 3LA,,Association de doctorants de l'école doctorale 3LA à Lyon.,Oui,"https://teteschercheuses.hypotheses.org/
(En cours de rénovation)",,Twitter,,teteschercheuses.lyon@gmail.co,,Oui,,Réponse le 19/01/23,,Oui
LUCA,Association,Association des doctorants de l'Ecole Doctorale BS de Rennes,"Représentation, réseau, promotion",Générale,Sciences de la v ie et de la santé,Rennes,,(35) Ille-et-Vilaine,,Bretagne,,"Ecole doctorale Biologie Santé
de Rennes",,"LUCA est une association qui représente tous les doctorants de l'école doctorale
Sciences de la Vie et de la Terre.",Oui,- - -,,"Twitter
Facebook",,associationdoctorants.luca@gmail,,Oui,,,,Oui
Ma thèse émoi,Association,Ma thèse émoi,"Soutiens multiples pendant la thèse, solidarité",Soutien à la rédaction,Tous,Grenoble (Valence),,(38) Isère,,Auvergne-Rhône-Alpes,,"Principalement actifs à
l'université Grenobles-Alpes
(Grenoble + Valence) ainsi que
structures privées",,"Notre association repose sur trois valeurs : bienveillance, confidentialité et solidarité.
Nous intervenons principalement dans la v ille de Grenoble, mais s i tu as des questions
et que tu habites dans une autre v ille, on essaiera d’y répondre également.",Oui,https://mathese-emoi.fr/,,- - -,,Formulaire sur le s ite,,Oui,,Réponse le 19/01/23,,Oui
MeTooFac,Collectif,MeTooFac,Défense des droits (v iolences sexistes et sexuelles),Luttes contre le harcèlement et les v iolences morales et sexuelles,Tous,National,,National,,National,,- - -,,Dénonçons les v iolences sexistes et sexuelles au sein de nos facs.,Non,- - -,,"Twitter
Facebook
Instagram",,metoofac@outlook.fr,,Oui,,,,Oui
"Nan-Thèse
ADBS",Association,Nan-Thèse Association Doctorants Biologie-Santé,"Réseau, information, événements",Générale,Biosanté,Nantes,,(44) Loire-Atlantique,,Pays-de-la-Loire,,Université de Nantes,,Association des Doctorants en Biologie-Santé de Nantes.,Oui,- - -,,"Facebook
LinkedIn
Instagram",,asso-nanthese@univ-nantes.fr,,Oui,,,,Oui
Nicomaque,Association,Nicomaque,"Réseau, promotion, événements",Générale,Tous,Rennes,,(35) Ille-et-Vilaine,,Bretagne,,- - -,,Association des Doctorants et Docteurs Bretons.,Oui,https://www.nicomaque-bretagne.fr/,,"Twitter
Facebook",,nicomaque.bretagne@gmail.com,,Oui,,Réponse le 20/01/23,,Oui
"Normandie
Doc’",Association,Normandie Doc’,"Réseau, solidarité",Générale,"Sciences humaines et sociales, Sciences Technologies et Santé","Caen
(Rouen, Le Havre)",,"Calvados, Eure, Manche,
Orne, Seine-Maritime",,Normandie,,- - -,,"Un des objectifs de l’association est de promouvoir les différentes spécialités de
doctorat et de rassembler les doctorants de Sciences Humaines et Sociales (SHS) et les
Sciences Technologies et Santé (STS) lors d’événements et de manifestations
pertinentes, organisés à l’échelle régionale ou locale dans des villes pôles de la région
Normandie.
Par la mise en réseau des doctorants et des docteurs, l’association soutiendra les
doctorants dans leurs parcours et valorisera les travaux des jeunes chercheurs au
travers de manifestations sociales et culturelles.",Oui,https://www.normandiedoc.fr,,"Twitter
Facebook
LinkedIn",,normandiedoc@gmail.com,,Oui,,,,Oui
"P(TH)
Bretagne-
Loire",Association,Paren(Thèse) Bretagne-Loire,Soutien à la rédaction et aux doctorants,Soutien à la rédaction,Tous,Angers,,(49) Maine-et-Loire,,"Bretagne, Centre-Val-
de-Loire, Pays-de-la-
Loire",,- - -,,Antenne des régions de l’Ouest de la France.,Non,https://pthbl.weebly.com/,,Facebook,,parenthese.grandouest@gmail.co,,Oui,,,,Oui
"P(TH) Grand-
Est",Association,Paren(Thèse) Grand-Est,Soutien à la rédaction et aux doctorants,Soutien à la rédaction,Tous,"Metz
(Mulhouse, Reims,
Strasbourg, Nancy)",,(57) Moselle,,Grand-Est,,- - -,,Antenne de la région Grand-Est,Non,- - -,,Facebook,,parenthese.grandest@gmail.com,,Oui,,,,Oui
P(TH) IdF,Association,Paren(Thèse) Île-de-France,Soutien à la rédaction et aux doctorants,Soutien à la rédaction,Tous,Paris,,(75) Paris,,Île-de-France,,- - -,,"L’association Parenthèse Île-de-France propose aux doctorant.e.s et étudiant.e.s de
master sans condition de discipline ou de stade d’avancement de la thèse ou du
mémoire, des journées et retraites de rédaction dédiées au travail de recherche et à la
rédaction de toute production scientifique dans un cadre favorisant la productiv ité. Il
s’agit d’un temps réservé pour la lecture d’artic les et d’ouvrages, l’écriture d’artic les, la
rédaction de chapitres de thèse ou de mémoire, l’élaboration d’un plan détaillé, la
production de poster, etc.",Non,https://parentheseidf.wordpress.com/a-propos/,,"Twitter
Facebook
Instagram
YouTube",,parenthese.idf@gmail.com,,Oui,,,,Oui
"P(TH)
Nouvelle-
Aquitaine",Association,Paren(Thèse) Nouvelle-Aquitaine,Soutien à la rédaction et aux doctorants,Soutien à la rédaction,Tous,La Rochelle,,(17) Charente-maritime,,Nouvelle-Aquitaine,,- - -,,Antenne de la région Nouvelle Aquitaine,Non,- - -,,"Twitter
Facebook
LinkedIn",,parenthese.nouvelleaquitaine@g,,Oui,,,,Oui
"P(TH)
Occitanie",Association,Paren(Thèse) Occitanie,Soutien à la rédaction et aux doctorants,Soutien à la rédaction,Tous,Montpellier,,(34) Hérault,,Occitanie,,- - -,,"Association qui soutient les jeunes chercheurs lors de la rédaction d’une thèse ou
mémoire. Nous proposons des journées et séjours de rédaction qui combinent temps
de rédaction et partage d’expériences avec des personnes qui font face aux mêmes
défis.",Non,- - -,,"Twitter
Facebook
LinkedIn",,contact@la-parenthese.org,,Oui,,,,Oui
P(TH) PACA,Association,Paren(Thèse) Provence-Alpes-Côte d’Azur,Soutien à la rédaction et aux doctorants,Soutien à la rédaction,Tous,Nice,,(06) Alpes-maritimes,,"Provence-Alpes-Côte
d’Azur",,- - -,,Antenne de la région PACA,Non,- - -,,"Twitter
Facebook
LinkedIn",,parenthese.paca@gmail.com,,Oui,,,,Oui
"PHD
FA'ATORO",Association,PHD FA'ATORO,"Réseau, soutien, promotion, valorisation",Générale,Tous,"Punaauia, Tahiti",,(987) Polynésie française,,Polynésie française,,"Université de la Polynésie
française",,"Créée en 2021 par des doctorants de l'UPF et qui a pour objet : la fédération des
doctorants, la valorisation du monde de la recherche, l’organisation d’activ ités et
d’échanges interdisciplinaires, l’organisation de rencontres et d’activ ités extra-
professionnelles, l’accompagnement des futurs doctorants dans la procédure
d’inscription et tout au long de leur cursus, le maintien d’une proximité entre doctorants.","Non
(Accompagnement futurs doctorants dans leurs
démarches)",http://www.upf.pf/fr/association-des-doctorants,,- - -,,"M. VITRAC Marotea
87 726 937
maroteav@gmail.com",,Oui,,,,Oui
PhDOOC,Association,"PhDOOC
Doctorat et poursuite de carrière","Insertion professionnelle, formation","Carrière, Formation",Tous,National,,National,,National,,- - -,,"Association dont le but est d’accompagner les doctorants et les docteurs et de favoriser
la création d’une communauté. Pour cela, nous organisons le premier MOOC en France
sur la poursuite de carrière des docteurs de toutes disciplines. Notre objectif est de
construire un espace d’information, d’échange et d’entraide autour de cette thématique.",Oui,https://phdooc.com/,,"Twitter
Facebook
Instagram
LinkedIn
YouTube",,"06.21.06.88.45
phdooc@gmail.com",,Oui,,,,Oui
"Précarités de
l’ESR
mobilisées",Collectif,Précarités de l’ESR mobilisées,Défense des droits,Défense des droits,Tous,National,,National,,National,,- - -,,Mobilisation contre la précarité dans l’enseignement supérieur et la recherche.,Oui,https://appelsolennelprecaires.home.blog/,,Facebook,,appeldesprecaires@gmail.com,,Oui,,,,Oui
Résalience,Association,Résalience PHD,"Emploi post-thèse, accompagnement","Carrière, Formation",Tous,National,,National,,National,,- - -,,"Accompagnement personnalisé, témoignages et autres aides pour les diplômés des
Sciences de la Vie en recherche d’emploi.",Oui,https://resalience-phd.fr,,"Instagram
LinkedIn
YouTube",,,,Oui,,,,Oui
RogueESR,Collectif,RogueESR,"Défense des droits, promotion",Défense des droits,Tous,National,,National,,National,,- - -,,"RogueESR est un collectif créé en 2017 pour promouvoir une université et une
recherche libres, exigeantes et placées au service de l’intérêt général et de
l’émancipation.",Oui,https://rogueesr.fr/,,Twitter,,contact@rogueesr.fr,,Oui,,Réponse le 20/01/23,,Oui
"Sauvons les
SHS",Collectif,Sauvons les SHS,Défense des droits,Défense des droits,Sciences humaines et sociales,National,,National,,National,,- - -,,"Défendons ensemble le rôle décis if des sciences humaines et sociales. Enseignement
et recherche sont attaqués. Résistons !",,- - -,,"Twitter
Facebook",,- - -,,Oui,,,,Oui
StrasAIR,Association,Association of the International Researchers of Strasbourg,Etudiants étrangers de Strasbourg,Générale,Tous,Strasbourg,,(67) Bas-Rhin,,Grand-Est,,Université de Strasbourg,,"Assistance, réseau, intégration des chercheurs étrangers, valorisation de l’image de
l’Université, développement des échanges internationaux, carrière.",Oui,https://strasair.org/,,Facebook,,info@strasair.org,,Oui,,,,Oui
"Syndicat CGT
FERC Sup",Syndicat,Collectif Doctorant CGT FERC Sup (établissements d'enseignement supérieur et de recherche),Défense des droits des jeunes chercheurs,Défense des droits,Tous,National,,National,,National,,- - -,,"Il est formé entre les syndicats CGT des établissements d’Enseignement Supérieur et de
Recherche une Union nationale dénommée CGT FERC Sup, Union nationale des
syndicats CGT des établissements d’enseignement supérieur et de recherche.",Oui,https://cgt.fercsup.net/,,Twitter,,"collectif-doctorant@fercsup-
cgt.net",,Oui,,,,Oui
Thèsenvies,Association,Thèsenvies,"Réseau, événements, promotion, solidarité",Générale,"Lettres, communication, langues, art",Dijon,,(21) Côte-d’Or,,"Bourgogne-Franche-
Comté",,"Université Bourgogne Franche-
Comté
École doctorale LECLA",,"Accueillir, rassembler et mettre en relation, promouvoir la cohésion, conviv ialité et
solidarité, informer et animer les doctorants et doctorantes, les anciens doctorants et
doctorantes, ainsi que les chercheurs, et en premier lieu celles et ceux de l'ED LECLA.",Oui,- - -,,Facebook,,association.thesenvies@gmail.co,,Oui,,,,Oui
UO,Association,Université ouverte,Défense des droits et des conditions de travail et de v ie,Défense des droits,"Recherche, Enseignement",National,,National,,National,,- - -,,"Pour une recherche et un enseignement publics, gratuits et émancipateurs pour tou·tes.",Non,"https://universiteouverte.org/autodefense-
universitaire/",,"Twitter
Facebook",,universiteouverte@protonmail.co,,Oui,,,,Oui
YouR PSL,Association,Young Researcher Society of PSL,"Réseau, événements",Générale,Sciences et Lettres,Paris,,(75) Paris,,Île-de-France,,"Université Paris Sciences et
Lettres (PSL)",,"En tant que communauté d’étudiant.e.s docteur.e.s, nous proposons un forum qui facilite
l’échange, le parrainage et les opportunités de rencontrer des représentants
d’entreprises.",Oui,https://yourpsl.org/,,"Twitter
Facebook",,yourpslsociety@gmail.com,,Oui,,,,Oui
A'Doc,Association,Association des Doctorants de Franche Comté,"Réseau, événements, promotion, solidarité",Générale,Tous,Besançon,,(25) Doubs,,"Bourgogne-Franche-
Comté",,"Université Bourgogne Franche-
Comté",,"L'A'Doc est multidisciplinaire et accueille des jeunes chercheur·se·s du master 2 à
l’après-thèse. Elle a pour but de valoriser le doctorat et la recherche, d’informer les
étudiant·e·s intéressé·e·s par la formation doctorale, soutenir et créer du lien entre
jeunes chercheur·se·s, de militer pour les droits des doctorant·e·s et jeunes
docteur·e·s.",Non,- - -,,Facebook,,adoc.fcomte@gmail.com,,Non,,"Contactés le 17 mars 2023.
Pas de réponse au 27 mars 2023.",,Oui
ADDA,Association,Association des Doctorants et Docteurs d'Assas,"Réseau, promotion, solidarité, insertion professionnelle",Générale,Droit,Paris,,(75) Paris,,Île-de-France,,Paris 2 Panthéon Assas,,"L'Association des Doctorants et Docteurs d'Assas regroupe des thésards ainsi que
des docteurs issus de l'Université Panthéon-Assas (Paris 2). Née en décembre 2012,
cette jeune association a pour missions de valoriser la formation doctorale, d'informer
les doctorants sur leurs droits et de conseiller les futurs doctorants sur la voie qu'ils
s'apprêtent à emprunter. L'ADDA tend également à créer un réseau de docteurs afin de
faciliter l'insertion professionnelle de ses membres à l'issue de la thèse. Plus
modestement, elle souhaite faciliter les rencontres et les échanges entre les doctorants
afin que la thèse devienne une aventure aussi conviv iale qu'enrichissante.",Oui,"https://s ites.google.com/site/addassas/
http://adda.u-paris2.fr/",,"Twitter
Facebook",,adda.paris2@gmail.com,,Non,,"Dernière activ ité :
06/09/2018
Pas de réponse",,Oui
ADDR,Association,Association des Docteurs et Doctorants de La Réunion,"Représentation, promotion, recherche, insertion professionnelle",Générale,Tous,Saint-Denis,,(974) La Réunion,,La Réunion,,"Université de la Réunion (seule
université de l’île)",,"Créée en 2002, l’Association des Docteurs et des Doctorants de la Réunion est une
structure qui se veut fédératrice. Elle a vocation à représenter les doctorants et les
docteurs de l’Université de la Réunion, quelle que soit leur discipline. Elle est gouvernée
par deux axes: la recherche scientifique et l’insertion professionnelle des doctorants et
docteurs de la Réunion.",Oui,- - -,,- - -,,"Université de La Réunion, 15,
avenue René-Cassin, B.P. 7151",,Non,,"Dernière mention en ligne trouvée :
2016
Pas de réponse",,Oui
ADSHS,Association,Association des doctorants en sciences humaines et sociales,"Réseau, informations, promotion",Générale,Sciences humaines et sociales,Tours,,(37) Indre-et-Loire,,Centre-Val-de-Loire,,- - -,,"L'association a pour mission:
- l'accueil et l'information aux nouveaux étudiants chercheurs
- la valorisation des activ ités et des travaux des doctorants à l'intérieur et à l'extérieur du
laboratoire
- la contribution à l'amélioration des échanges entre les doctorants",Oui,http://adshs.hypotheses.org/,,- - -,,adshs37@gmail.com,,Non,,"Message d'adieu sur le blog et sur
leurs réseaux sociaux.",,Oui
ADUVSQ,Association,Association des doctorants de l'UVSQ,"Réseau, solidarité",Générale,"Sciences, ingienierie","Versailles, Saint-Quentin
en Yvelines",,(78) Yvelines,,Île-de-France,,"Université de Versailles Saint-
Quentin-en-Yvelines",,"L'ADUVSQ à pour but de permettre aux doctorants de l'UVSQ de se rencontrer et
d'échanger",Oui,- - -,,"Facebook
Twitter",,doctorantsuvsq@gmail.com,,Non,,"Dernière activ ité :
12/06/2017
Pas de réponse",,Oui
AJC,Association,Association des jeunes chercheurs en Guadeloupe,"Réseau, soutien, promotion, valorisation",Générale,Tous,"Campus Fouillole, Pointe-
à-Pitre",,(971) Guadeloupe,,Guadeloupe,,Université des Antilles,,"L'AJC vise à accueillir, intégrer, informer et aider les jeunes chercheurs à défendre
leurs intérêts tout au long de leur parcours de recherche. L'Association tient à valoriser
les travaux de recherche réalisés en Guadeloupe via la partic ipation à divers
événements scientifiques, l'organisation de journées d'échange scientifique, et aussi v ia
la collaboration avec les organisateurs de concours de vulgarisation de projets
scientifiques. Enfin, l'AJC souhaite faciliter l'insertion professionnelle des jeunes
chercheurs.","Non
(ouvert dès la L3)",https://ajcguadeloupe.wixsite.com/website,,Facebook,,ajc.guadeloupe@gmail.com,,Non,,"Dernière publication : 10/09/2021
Pas de réponse",,Oui
"Association
doctorale
Mahoraise",Association,Association doctorale Mahoraise,"Représentation, Promotion, réseau, défense des droits",Générale,Tous,Dzaoudzi,,(976) Mayotte,,Mayotte,,Centre universitaire de Mayotte,,"Représenter et défendre les droits des doctorants auprès de la direction des affaires
scolaires et universitaires de Mayotte (DASU) ; organiser des réseaux d'appui entre
doctorants, docteurs et étudiants de M2 recherche travaillant sur Mayotte et /ou
originaire de Mayotte ; mettre en place des espaces de communication scientifique tels
que des colloques, séminaires, ateliers ou publications d'artic les ou d'ouvrages ;
contribuer à la création et à la pérennisation de l'Université de Mayotte ; promouvoir les
compétences des jeunes chercheurs pour favoriser la poursuite de carrière.",Non,https://assoce.fr/waldec/W9T1001714/ASSOCIATION-,,- - -,,"19, rue Hôtel de v ille, Labattoir
97610 Dzaoudzi",,Non,,"Université de Mayotte contactée
par téléphone le 02/02/23.
L'administration n'a pas
connaissance d'association pour
les doctorants/docteurs.",,Oui
"Collectif des
doctorants.e.s
de Science
Po.",Collectif,Collectif des doctorants.e.s de Science Po.,"Réseau, information",Générale,Sciences politiques,Paris,,(75) Paris,,Île-de-France,,Sciences Po.,,"Collectif de doctorant·es de l'I.E.P. de Paris, élu·es ou non dans les différents conseils",Oui,- - -,,"Twitter
Facebook",,- - -,,Non,,"Contacté v ia le groupe Fb le
19/01/23.
Dernière activ ité : 25/01/2022
Pas de réponse",,Oui
"Collectif des
doctorants.e.s
et non
titulaires de
Lyon 2",Collectif,Collectif des doctorants.e.s et non titulaires de Lyon 2,"Représentation, Promotion, réseau, défense des droits",Générale,Sciences humaines et sociales,Lyon,,(69) Rhône,,Auvergne-Rhône-Alpes,,Lyon 2,,"S'informer, public iser, s 'organiser & lutter contre la précarisation des doctorant.e.s
De l’université Lyon 2 et de l’ESR. Pour une Université publique & ouverte à tou.te.s.",Oui,- - -,,"Twitter
Facebook",,cdntuniv lyon2@gmail.com,,Non,,"Dernière activ ité : 23/11/2021
Pas de réponse",,Oui
DOPAMINES,Confédération d’associations,Association des doctorants MINES ParisTech,"Réseau, solidarité",Générale,MINES,"Sophia-Antipolis, Paris,
Fontainebleau, Evry,
Palaiseau",,"(06), (75), (77), (91)",,"Île-de-France, PACA",,MINES ParisTech,,"DOPAMINES permet de relier les 5 s ites de l'Ecole des Mines ParisTech à savoir Evry,
Fontainebleau, Palaiseau, Paris et Sophia Antipolis. DOPAMINES regroupe ainsi les
associations de chaque site.",Oui,http://dopamines.mines-paristech.fr/,,- - -,,- - -,,Non,,"Contacté v ia le formulaire de
contact du s ite internet le 19/01/23.
Pas de réponse.",,Oui
Enthèse,Association,ENthèSe,"Représentation, Promotion, réseau, événements",Générale,Tous,Lyon,,(69) Rhône,,Auvergne-Rhône-Alpes,,Lyon,,"Association de doctorants basée à Lyon. Diffusion d'informations sur le doctorat et la
thèse, réunions, conférences, réseau professionnel, veille.",Oui,https://enthese.hypotheses.org/,,"Twitter
Facebook",,enthese@ens-lyon.fr,,Non,,Pas de réponse,,Oui
"Les
Cartésiens",Association,Les Cartésiens,"Représentation, Réseau, vulgarisation",Générale,Tous,Paris,,(75) Paris,,Île-de-France,,"Établissements de l’Université
Sorbonne Paris Cité (USPC)",,"Réseau, vulgarisation scientifique, poursuite de la carrière de chercheur,
représentation des jeunes chercheurs, rayonnement de la recherche. Docteurs et
doctorants de Paris.",Oui,http://lescartesiens.parisdescartes.fr/,,"Twitter
Facebook
LinkedIn",,lescartesiens.asso@gmail.com,,Non,,Pas de réponse,,Oui
"Marcel les
Mauss",Collectif,Marcel les Mauss,"Accompagnement, valorisation, réseau",Générale,Sciences sociales,Bordeaux,,(33) Bordeaux,,Nouvelle-Aquitaine,,Université de Bordeaux,,"Le Collectif Marcel Mauss a pour but d’accompagner et de valoriser les activ ités des
jeunes chercheurs et chercheuses en sciences sociales de l’Université de Bordeaux.
Il se donne également pour objectif d’être un pour elles et eux un lieu de rencontre,
d’information et d’échanges culturels et scientifiques, ainsi qu’un relais de leurs intérêts.",Oui,https://cmmauss.hypotheses.org/,,Facebook,,collectifmarcelmauss@gmail.com,,Non,,"Dernière publication en mai 2022.
Pas de réponse.",,Oui
P(TH) AuRA,Association,Paren(Thèse) Auvergne-Rhône-Alpes,Soutien à la rédaction et aux doctorants,Soutien à la rédaction,Tous,- - -,,- - -,,Auvergne-Rhône-Alpes,,- - -,,Antenne de la région Auvergne-Rhône-Alpes.,Non,- - -,,"Twitter
Facebook",,aura.parenthese@gmail.com,,Non,,"Dernière activ ité :
22/09/2022
Pas de réponse",,Oui
P(TH) HdF,Association,Paren(Thèse) Hauts-de-France,Soutien à la rédaction et aux doctorants,Soutien à la rédaction,Tous,- - -,,- - -,,Hauts-de-France,,- - -,,Antenne de la région des Hauts-de-France.,Non,- - -,,Facebook,,parenthese.hdf@gmail.com,,Non,,"Dernière activ ité :
05/01/2022
Pas de réponse",,Oui
Pro-Doc,Association,Pro-Doc,"Réseau, promotion, événements",Générale,Tous,Corte,,(2B) Haute-Corse,,Corse,,"Pasquale Paoli (seule université
de Corse)",,"L'association PRO-DOC a pour activ ité principale de : initier, developper et organiser
des manifestations ayant pour fil conducteur l'insertion professionnelle, les échanges ou
les rencontres entre les doctorants de l'université de Corse Pasquale Paoli ; pérenniser
les projets et manifestation organisées par l'association ; developper les relations entre
les doctorants de l'école doctorale environnement et société ED377, le nom de de
l'entreprise et les collectiv ités locales, et ainsi a plus long terme créer et consolider un
réseau.
L'association PRO-DOC peut être contactée à l'adresse suivante : Ecole Doctorale de
l'Université de Corse, 7, avenue Jean Nicoli, BP 52, 20250 Corte.",Oui,http://pro-doc.over-blog.fr/,,Twitter,,- - -,,Non,,"Contacté le 20/01/23 via le
formulaire de contact sur le s ite
internet.
Pas de réponse.
Dernière activ ité :
03/05/2013",,Oui
SPIBENS,Association,Students and Postdocs of Institut de Biologie de l’Ecole Normale Supérieure,"Réseau, événements",Générale,Sciences et Lettres,Paris,,(75) Paris,,Île-de-France,,"ENS, CNRS",,"Chaque doctorant et post-doctorant de l’institut fait automatiquement partie de
l’association et est invité à partic iper aux évènements et à les organiser. Nous
organisons également des évènements scientifiques. De plus, SPIBENS offre des
services aux doctorants et post-doctorants en représentant leurs intérêts au niveau de
l’institut et en travaillant avec l’administration sur un livret de bienvenue pour les
nouveaux arrivants.",Oui,https://www.biologie.ens.fr/depbio/spip.php?artic le23,,- - -,,spibens_bureau@biologie.ens.fr,,Non,,Pas de réponse,,Oui
DOCTA,Association,DOCTA,"Réseau, événements",Générale,Tous,"Punaauia, Tahiti",,(987) Polynésie française,,Polynésie française,,"Université de la Polynésie
française",,"Association fondée en 2011, Docta regroupe tous les doctorants de l’UPF et co-
organise les Doctoriales, évènement de promotion de la recherche auprès du grand
public.",Oui,https://www.upf.pf/fr/association-docta-doctorants-de-,,- - -,,"Sébastien LONGO (pas plus
d’informations, site n’existe plus)",,?,,"Je n'ai pas trouvé de moyen de
contacter l'association.",,Oui
FAGE,Fédération d'associations,Fédération des Associations Générales Etudiantes,Défense des droits,Défense des droits,Tous,National,,National,,National,,- - -,,"La Fédération des associations générales étudiantes – FAGE – est la première
organisation étudiante représentative en France.  Elle a pour but d’améliorer les
conditions de vie et d’études des jeunes. C’est pourquoi elle déploie des activ ités dans
le champ de la représentation et de la défense des droits. En inventant, en
expérimentant et en gérant des services et des œuvres répondant aux besoins
sociaux non ou mal-satisfaits, elle est également actrice de l’innovation sociale.",Non,https://www.fage.org,,"Twitter
Facebook
Instagram
Linked In
YouTube",,contact@fage.org,,Oui,,,,Non
Academia,"Blog, plateforme de communication",Academia,Insertion professionnelle,"Carrière, Formation",Tous,National,,National,,National,,- - -,,Blog sur l'emploi dans l'enseignement supérieur et la recherche.,Oui,https://academia.hypotheses.org/,,Twitter,,- - -,,Oui,,,,Non
"Solidaires
étudiant-e-s
Aix Marseille",Syndicat,Solidaires étudiant-e-s Aix-Marseille,Défense des droits,Défense des droits,Tous,Aix-Marseille,,(13) Bouches-du-Rhône,,"Provence-Alpes-Côte
d’Azur",,- - -,,Syndicats locaux affiliés à Solidaires étudiant-e-s.,Non,https://seslaixmarseille.wordpress.com/,,"Twitter
Facebook
Instagram",,sesl.aixmarseille@gmail.com,,Oui,,,,Non
"Solidaires
étudiant-e-s
Amiens",Syndicat,Solidaires étudiant-e-s Amiens,Défense des droits,Défense des droits,Tous,Amiens,,(80) Somme,,Hauts-de-France,,- - -,,Syndicats locaux affiliés à Solidaires étudiant-e-s.,Non,- - -,,"Twitter
Facebook
Instagram",,amiens.solidairesetu@gmail.com,,Oui,,,,Non
"Solidaires
étudiant-e-s
BSM",Syndicat,Solidaires étudiant-e-s Boulogne-sur-Mer,Défense des droits,Défense des droits,Tous,Boulogne-Sur-Mer,,(62) Pas-de-Calais,,Hauts-de-France,,- - -,,Syndicats locaux affiliés à Solidaires étudiant-e-s.,Non,- - -,,"Twitter
Facebook",,solidaires.etudiants.boulogne@gm,,Oui,,,,Non
"Solidaires
étudiant-e-s
Dijon",Syndicat,Solidaires étudiant-e-s Dijon,Défense des droits,Défense des droits,Tous,Dijon,,(21) Côte-d’Or,,"Bourgogne-Franche-
Comté",,- - -,,Syndicats locaux affiliés à Solidaires étudiant-e-s.,Non,- - -,,"Twitter
Facebook
Instagram",,"solidaires-etudiant-e-
s.dijon@riseup.net",,Oui,,,,Non
"Solidaires
étudiant-e-s
EHESS",Syndicat,Solidaires étudiant-e-s EHESS,Défense des droits,Défense des droits,Sciences sociales,Paris,,(75) Paris,,Île-de-France,,EHESS Paris,,Syndicats locaux affiliés à Solidaires étudiant-e-s.,Non,https://solidairesehess.wordpress.com/,,Facebook,,solidaires_ehess@riseup.net,,Oui,,,,Non
"Solidaires
étudiant-e-s
ENS",Syndicat,Solidaires étudiant-e-s ENS,Défense des droits,Défense des droits,Sciences et Lettres,Paris,,(75) Paris,,Île-de-France,,ENS Paris Ulm,,Syndicats locaux affiliés à Solidaires étudiant-e-s.,Non,https://solidairesetudiantsesens.wordpress.com/,,"Twitter
Facebook",,ens@solidaires-etudiant-e-s.org,,Oui,,,,Non
"Solidaires
étudiant-e-s
Grenoble",Syndicat,Solidaires étudiant-e-s Grenoble,Défense des droits,Défense des droits,Tous,Grenoble,,(38) Isère,,Auvergne-Rhône-Alpes,,- - -,,Syndicats locaux affiliés à Solidaires étudiant-e-s.,Non,https://solidairesetudiantsgrenoble.wordpress.com/,,"Twitter
Facebook
Instagram",,solidaires.etudiants.grenoble@gm,,Oui,,,,Non
"Solidaires
étudiant-e-s
La Rochelle",Syndicat,Solidaires étudiant-e-s La Rochelle,Défense des droits,Défense des droits,Tous,La Rochelle,,(17) Charente-maritime,,Nouvelle-Aquitaine,,- - -,,Syndicats locaux affiliés à Solidaires étudiant-e-s.,Non,https://solidairesetudianteslarochelle.wordpress.com/,,"Twitter
Facebook
Instagram",,sesl.larochelle@gmail.com,,Oui,,,,Non
"Solidaires
étudiant-e-s
Lille",Syndicat,Solidaires étudiant-e-s Lille,Défense des droits,Défense des droits,Tous,Lille,,(59) Nord,,Hauts-de-France,,- - -,,Syndicats locaux affiliés à Solidaires étudiant-e-s.,Non,- - -,,"Twitter
Facebook
Instagram",,lille.sud.etudiant@gmail.com,,Oui,,,,Non
"Solidaires
étudiant-e-s
Lyon",Syndicat,Solidaires étudiant-e-s Lyon,Défense des droits,Défense des droits,Tous,Lyon,,(69) Rhône,,Auvergne-Rhône-Alpes,,- - -,,Syndicats locaux affiliés à Solidaires étudiant-e-s.,Non,- - -,,"Twitter
Facebook
Instagram",,solidairesetudianteslyon@gmail.c,,Oui,,,,Non
"Solidaires
étudiant-e-s
MLV",Syndicat,Solidaires étudiant-e-s Paris-Est Marne-la-Vallée,Défense des droits,Défense des droits,Tous,Marne-la-vallée,,(77) Seine-et-Marne,,Île-de-France,,- - -,,Syndicats locaux affiliés à Solidaires étudiant-e-s.,Non,- - -,,Instagram,,syndicatusem@outlook.fr,,Oui,,,,Non
"Solidaires
étudiant-e-s
Montpellier",Syndicat,Solidaires étudiant-e-s Montpellier,Défense des droits,Défense des droits,Tous,Montpellier,,(34) Hérault,,Occitanie,,- - -,,Syndicats locaux affiliés à Solidaires étudiant-e-s.,Non,https://solidairesetudiants34.wordpress.com/,,"Twitter
Facebook 1
Facebook 2
Instagram",,"04.67.14.23.10
solidaires.etudiants.34@gmail.com
solidaires.etudiants.um@gmail.co",,Oui,,,,Non
"Solidaires
étudiant-e-s
Nancy",Syndicat,Solidaires étudiant-e-s Nancy,Défense des droits,Défense des droits,Tous,Nancy,,(54) Meurthe-et-Moselle,,Grand-Est,,Université de Lorraine,,Syndicats locaux affiliés à Solidaires étudiant-e-s.,Non,- - -,,"Twitter
Facebook
Instagram",,seslnancy@riseup.net,,Oui,,,,Non
"Solidaires
étudiant-e-s
Nantes",Syndicat,Solidaires étudiant-e-s Nantes,Défense des droits,Défense des droits,Tous,Nantes,,(44) Loire-Atlantique,,Pays-de-la-Loire,,- - -,,Syndicats locaux affiliés à Solidaires étudiant-e-s.,Non,https://solidairesetudiantnantes.wordpress.com/,,"Twitter
Facebook",,sudetudiant.nantes@gmail.com,,Oui,,,,Non
"Solidaires
étudiant-e-s
Paris 1",Syndicat,Solidaires étudiant-e-s Paris 1,Défense des droits,Défense des droits,Tous,Paris,,(75) Paris,,Île-de-France,,Paris 1,,Syndicats locaux affiliés à Solidaires étudiant-e-s.,Non,- - -,,Facebook,,solidairesetuparis1@gmail.com,,Oui,,,,Non
"Solidaires
étudiant-e-s
Paris 2
Panthéon
Assas",Syndicat,Solidaires étudiant-e-s Paris 2 Panthéon Assas,Défense des droits,Défense des droits,Tous,Paris,,(75) Paris,,Île-de-France,,Paris 2 Panthéon Assas,,Syndicats locaux affiliés à Solidaires étudiant-e-s.,Non,- - -,,"Twitter
Instagram",,assas.solidairesetudiantes@gmail,,Oui,,,,Non
"Solidaires
étudiant-e-s
Paris 8 Saint-
Denis",Syndicat,Solidaires étudiant-e-s Paris 8 Saint-Denis,Défense des droits,Défense des droits,Tous,Paris,,(75) Paris,,Île-de-France,,Paris 8 Saint-Denis,,Syndicats locaux affiliés à Solidaires étudiant-e-s.,Non,"http://solidairesetudiantesp8.over-blog.com/
(plus de mises à jour depuis 2021)",,"Twitter
Facebook
Instagram",,sudparis8@gmail.com,,Oui,,,,Non
"Solidaires
étudiant-e-s
Paris Cité",Syndicat,Solidaires étudiant-e-s Paris Cité,Défense des droits,Défense des droits,Tous,Paris,,(75) Paris,,Île-de-France,,Université Paris Cité,,Syndicats locaux affiliés à Solidaires étudiant-e-s.,Non,- - -,,"Twitter
Facebook
Instagram",,solidairesup@gmail.com,,Oui,,,,Non
"Solidaires
étudiant-e-s
Paris Est
Créteil UPEC",Syndicat,Solidaires étudiant-e-s Paris Est Créteil UPEC,Défense des droits,Défense des droits,Tous,Paris,,(75) Paris,,Île-de-France,,"Université Paris-Est Créteil
UPEC",,Syndicats locaux affiliés à Solidaires étudiant-e-s.,Non,- - -,,"Twitter
Facebook",,solidaire.upec@gmail.com,,Oui,,,,Non
"Solidaires
étudiant-e-s
Pau Béarn",Syndicat,Solidaires étudiant-e-s Pau Béarn,Défense des droits,Défense des droits,Tous,Pau,,(64) Pyrénées-Atlantiques,,Nouvelle-Aquitaine,,- - -,,Syndicats locaux affiliés à Solidaires étudiant-e-s.,Non,- - -,,"Twitter
Facebook
Instagram",,solidairesetudiant.e.s.pau@gmail.c,,Oui,,,,Non
,,,,,,,,,,,,,,,,,,,om,,,,,,,
"Solidaires
étudiant-e-s
PSL",Syndicat,Solidaires étudiant-e-s Paris Sciences Lettres,Défense des droits,Défense des droits,Tous,Paris,,(75) Paris,,Île-de-France,,Paris Sciences Lettres – PSL,,Syndicats locaux affiliés à Solidaires étudiant-e-s.,Non,- - -,,"Twitter
Instagram",,psl@solidaires-etudiant-e-s.org,,Oui,,,,Non
"Solidaires
étudiant-e-s
Sciences Po
Paris",Syndicat,Solidaires étudiant-e-s IEP Paris,Défense des droits,Défense des droits,Sciences politiques,Paris,,(75) Paris,,Île-de-France,,IEP Sciences-Po Paris,,Syndicats locaux affiliés à Solidaires étudiant-e-s.,Non,https://sudsciencespo.wordpress.com/,,"Twitter
Facebook
Instagram",,solidaires.etu.scpo@gmail.com,,Oui,,,,Non
"Solidaires
étudiant-e-s
Strasbourg
Alsace",Syndicat,Solidaires étudiant-e-s Strasbourg Alsace,Défense des droits,Défense des droits,Tous,Strasbourg,,(67) Bas-Rhin,,Grand-Est,,- - -,,Syndicats locaux affiliés à Solidaires étudiant-e-s.,Non,- - -,,"Twitter
Facebook
inaccessible
Instagram",,solidaires.etu.alsace@gmail.com,,Oui,,,,Non
"Solidaires
étudiant-e-s
Toulouse",Syndicat,Solidaires étudiant-e-s Toulouse,Défense des droits,Défense des droits,Tous,Toulouse,,(31) Haute-Garonne,,Occitanie,,- - -,,Syndicats locaux affiliés à Solidaires étudiant-e-s.,Non,- - -,,"Twitter
Facebook
Instagram",,solidairesetutoulouse@protonmail.,,Oui,,,,Non
"Solidaires
étudiant-e-s
Tours",Syndicat,Solidaires étudiant-e-s Tours AIT,Défense des droits,Défense des droits,Tous,Tours,,(37) Indre-et-Loire,,Centre-Val-de-Loire,,Université de Tours,,Syndicats locaux affiliés à Solidaires étudiant-e-s.,Non,- - -,,"Twitter
Facebook
Instagram",,seslaitours@gmail.com,,Oui,,,,Non
Sud Education,Syndicat,Sud Education,Défense des droits du personnel de l’éducation,Défense des droits,Tous,National,,National,,National,,- - -,,"Branche éducation du syndicat SUD.
Solidaire, unitaire, démocratique, SUD éducation est un syndicat intercatégoriel qui
s’efforce d’unir les revendications des personnels de la maternelle à l’université, dans
les écoles, les collèges, les lycées, les universités et tous les services. Nous portons
un syndicalisme de lutte qui défend les droits des personnels sans compromission
avec la hiérarchie.
SUD éducation est une fédération de syndicats départementaux et pluri-
départementaux qui couvrent l’ensemble du territoire. Chaque syndicat local s ’organise
démocratiquement et contribue à déterminer l’action de la fédération, notamment v ia le
Conseil fédéral.",Non,https://www.sudeducation.org/,,"Twitter
Facebook
Instagram",,"01.58.39.30.12
fede@sudeducation.org",,Oui,,,,Non
"Facs et labos
en lutte !",Collectif,Facs et labos en lutte !,Défense des droits,Défense des droits,Tous,National,,National,,National,,- - -,,"Facs et labos en lutte - pour les conditions d'emploi et de retraite dans l'enseignement
supérieur.",Non,https://universiteouverte.org/,,"Twitter
Facebook",,"mobilisationemploiesr-
request@framalistes.org",,Non,,"Dernière activ ité :
12/01/2022
Pas de réponse.",,Non
Périples,Association,Périples,Diffusion de la connaissance,?,Histoire (Antiquité),Toulouse,,(31) Haute-Garonne,,Occitanie,,Toulouse 2,,Favoriser la diffusion de la connaissance des mondes anciens.,Non,http://periples-utm.over-blog.com/,,"Instagram
Facebook",,periples.utm@gmail.com,,Non,,Pas de réponse,,Non
"Solidaires
étudiant-e-s
IMT Atlantique",Syndicat,Solidaires étudiant-e-s IMT Atlantique,Défense des droits,Défense des droits,Mines-Télécom,Nantes,,(44) Loire-Atlantique,,Pays-de-la-Loire,,IMT Atlantique,,Syndicats locaux affiliés à Solidaires étudiant-e-s.,Non,- - -,,Facebook,,solidaires.etu.imta.nantes@framali,,Non,,"Dernière publication novembre
2022.
Pas de réponse.",,Non
"Solidaires
étudiant-e-s
Orléans",Syndicat,Solidaires étudiant-e-s Orléans,Défense des droits,Défense des droits,Tous,Orléans,,(45) Loiret,,Centre-Val-de-Loire,,- - -,,Syndicats locaux affiliés à Solidaires étudiant-e-s.,Non,- - -,,"Twitter
Facebook
Instagram",,solidaires.etudiants.orleans@gmai,,Non,,"Dernière activ ité : 26/09/2023
Pas de réponse",,Non
"Solidaires
étudiant-e-s
Paris 3
Sorbonne
Nouvelle",Syndicat,Solidaires étudiant-e-s Paris 3 Sorbonne Nouvelle,Défense des droits,Défense des droits,Tous,Paris,,(75) Paris,,Île-de-France,,Paris 3 Sorbonne Nouvelle,,Syndicats locaux affiliés à Solidaires étudiant-e-s.,Non,- - -,,"Twitter
Instagram",,solidairesetup3@gmail.com,,Non,,"Dernière activ ité : 31/08/2023
Pas de réponse",,Non
"Solidaires
étudiant-e-s
Poitiers",Syndicat,Solidaires étudiant-e-s Poitiers,Défense des droits,Défense des droits,Tous,Poitiers,,(86) Vienne,,Nouvelle-Aquitaine,,- - -,,Syndicats locaux affiliés à Solidaires étudiant-e-s.,Non,- - -,,Facebook,,solidaires.etudiant.e.s.poitiers@gm,,Non,,"Dernière activ ité : 11/01/2023
Pas de réponse",,Non
"Solidaires
étudiant-e-s
Versailles",Syndicat,Solidaires étudiant-e-s Versailles,Défense des droits,Défense des droits,Tous,Versailles,,(78) Yvelines,,Île-de-France,,- - -,,Syndicats locaux affiliés à Solidaires étudiant-e-s.,Non,- - -,,"Twitter
Facebook
Instagram",,solidaires.etu.versailles@gmail.co,,Non,,"Dernière activ ité : 07/2023
Pas de réponse",,Non
"Solidaires
étudiant-e-s
Gard",Syndicat,Solidaires étudiant-e-s Gard,Défense des droits,Défense des droits,Mines-Télécom,Alès,,(30) Gard,,Occitanie,,IMT Mines Alès,,Syndicats locaux affiliés à Solidaires étudiant-e-s.,Non,- - -,,- - -,,solidaires.etudiants.30@gmail.com,,???,,,Non,